n,m,phi_n,e_m,ratio,deviation,deviation_pct
9,4.330906425536432,76.01315561749647,76.01315561749647,1.0,0.0,0.0
11,5.293330075655638,199.0050249987407,199.0050249987407,1.0,0.0,0.0
12,5.774541900715242,321.99689437998506,321.99689437998506,1.0,0.0,0.0
13,6.255753725774845,521.0019193787256,521.0019193787256,1.0,0.0,0.0
15,7.218177375894052,1364.0007331374359,1364.0007331374359,1.0,0.0,0.0
14,6.736965550834449,842.9988137587109,842.9988137587109,1.0,0.0,0.0
16,7.6993892009536555,2206.999546896147,2206.999546896147,1.0,0.0,0.0
17,8.180601026013258,3571.0002800335815,3571.0002800335815,1.0,0.0,0.0
21,10.105448326251674,24476.00004085638,24476.00004085638,1.0,0.0,0.0
18,8.661812851072863,5777.999826929735,5777.999826929735,1.0,0.0,0.0
19,9.143024676132466,9349.000106963316,9349.000106963316,1.0,0.0,0.0
20,9.624236501192069,15126.99993389304,15126.99993389304,1.0,0.0,0.0
23,11.06787197637088,64079.00001560575,64079.00001560575,1.0,0.0,0.0
22,10.586660151311277,39602.999974749415,39602.999974749415,1.0,0.0,0.0
26,12.51150745154969,271442.9999963161,271442.9999963161,1.0,0.0,0.0
25,12.030295626490087,167761.00000596102,167761.00000596102,1.0,0.0,0.0
33,15.879990226966914,7881196.0000001285,7881196.0000001285,1.0,0.0,0.0
35,16.84241387708612,20633239.00000003,20633239.00000003,1.0,0.0,0.0
27,12.992719276609293,439204.0000022768,439204.0000022768,1.0,0.0,0.0
28,13.473931101668898,710646.9999985936,710646.9999985936,1.0,0.0,0.0
29,13.9551429267285,1149851.0000008703,1149851.0000008703,1.0,0.0,0.0
30,14.436354751788103,1860497.9999994626,1860497.9999994626,1.0,0.0,0.0
31,14.917566576847708,3010349.000000336,3010349.000000336,1.0,0.0,0.0
32,15.398778401907311,4870846.999999798,4870846.999999798,1.0,0.0,0.0
39,18.767261177324535,141422324.0000001,141422324.0000001,1.0,0.0,0.0
38,18.286049352264932,87403803.00000009,87403803.00000009,1.0,0.0,0.0
36,17.323625702145726,33385282.00000004,33385282.00000004,1.0,0.0,0.0
37,17.80483752720533,54018521.000000104,54018521.000000104,1.0,0.0,0.0
40,19.248473002384138,228826127.0,228826127.0,1.0,0.0,0.0
43,20.69210847756295,969323029.0000019,969323029.0000019,1.0,0.0,0.0
42,20.210896652503347,599074578.0000015,599074578.0000015,1.0,0.0,0.0
41,19.72968482744374,370248450.9999998,370248450.9999998,1.0,0.0,0.0
65,31.278768628874225,38388099893011.04,38388099893011.04,1.0,0.0,0.0
66,31.759980453933828,62113250390418.02,62113250390418.02,1.0,0.0,0.0
67,32.24119227899343,100501350283428.98,100501350283428.98,1.0,0.0,0.0
44,21.173320302622553,1568397607.0000024,1568397607.0000024,1.0,0.0,0.0
45,21.654532127682156,2537720636.0000024,2537720636.0000024,1.0,0.0,0.0
46,22.13574395274176,4106118243.0000014,4106118243.0000014,1.0,0.0,0.0
50,24.060591252980174,28143753123.000053,28143753123.000053,1.0,0.0,0.0
49,23.57937942792057,17393796001.000042,17393796001.000042,1.0,0.0,0.0
54,25.985438553218586,192900153617.99994,192900153617.99994,1.0,0.0,0.0
55,26.466650378278192,312119004989.00085,312119004989.00085,1.0,0.0,0.0
51,24.541803078039777,45537549124.00005,45537549124.00005,1.0,0.0,0.0
52,25.02301490309938,73681302247.00006,73681302247.00006,1.0,0.0,0.0
56,26.947862203337795,505019158607.0011,505019158607.0011,1.0,0.0,0.0
59,28.391497678516604,2139295485799.0012,2139295485799.0012,1.0,0.0,0.0
58,27.910285853457,1322157322203.0015,1322157322203.0015,1.0,0.0,0.0
57,27.429074028397398,817138163596.0013,817138163596.0013,1.0,0.0,0.0
69,33.20361592911264,263115950957275.7,263115950957275.7,1.0,0.0,0.0
68,32.722404104053034,162614600673846.9,162614600673846.9,1.0,0.0,0.0
63,30.31634497875502,14662949395604.03,14662949395604.03,1.0,0.0,0.0
60,28.872709503576207,3461452808002.0,3461452808002.0,1.0,0.0,0.0
61,29.353921328635813,5600748293801.018,5600748293801.018,1.0,0.0,0.0
62,29.835133153695416,9062201101803.023,9062201101803.023,1.0,0.0,0.0
64,30.797556803814622,23725150497407.035,23725150497407.035,1.0,0.0,0.0
87,41.8654287801855,1.520283919093597e+18,1.520283919093597e+18,1.0,0.0,0.0
81,38.97815782982788,8.472251907007923e+16,8.472251907007923e+16,1.0,0.0,0.0
82,39.45936965488748,1.3708391546789926e+17,1.3708391546789926e+17,1.0,0.0,0.0
84,40.421793305006695,3.588903500058799e+17,3.588903500058799e+17,1.0,0.0,0.0
80,38.496946004768276,5.236139639782013e+16,5.236139639782013e+16,1.0,0.0,0.0
77,37.05331052958947,1.2360848946698192e+16,1.2360848946698192e+16,1.0,0.0,0.0
78,37.53452235464907,2.0000273725561e+16,2.0000273725561e+16,1.0,0.0,0.0
79,38.01573417970867,3.236112267225917e+16,3.236112267225917e+16,1.0,0.0,0.0
75,36.09088687947026,4721424167835377.0,4721424167835377.0,1.0,0.0,0.0
135,64.96359638304646,1.6342986943522214e+28,1.6342986943522214e+28,1.0,0.0,0.0
134,64.48238455798686,1.0100521408792491e+28,1.0100521408792491e+28,1.0,0.0,0.0
132,63.519960907867656,3.858055874062765e+27,3.858055874062765e+27,1.0,0.0,0.0
124,59.67026630739083,8.212348880951993e+25,8.212348880951993e+25,1.0,0.0,0.0
126,60.63268995751004,2.150020849780446e+26,2.150020849780446e+26,1.0,0.0,0.0
127,61.11390178256964,3.478806811465691e+26,3.478806811465691e+26,1.0,0.0,0.0
112,53.89572440667559,2.5504435056012333e+23,2.5504435056012333e+23,1.0,0.0,0.0
114,54.858148056794796,6.677147784050454e+23,6.677147784050454e+23,1.0,0.0,0.0
120,57.745419007152414,1.1981655542024932e+25,1.1981655542024932e+25,1.0,0.0,0.0
86,41.3842169551259,9.395871345497386e+17,9.395871345497386e+17,1.0,0.0,0.0
88,42.346640605245106,2.4598710536433336e+18,2.4598710536433336e+18,1.0,0.0,0.0
85,40.9030051300663,5.806967845438593e+17,5.806967845438593e+17,1.0,0.0,0.0
93,44.75269973054312,2.7280388024614576e+19,2.7280388024614576e+19,1.0,0.0,0.0
94,45.233911555602724,4.414059505011197e+19,4.414059505011197e+19,1.0,0.0,0.0
91,43.790276080423915,1.0420180999117177e+19,1.0420180999117177e+19,1.0,0.0,0.0
90,43.30906425536431,6.440026026380256e+18,6.440026026380256e+18,1.0,0.0,0.0
101,48.60239433101995,1.281597540372345e+21,1.281597540372345e+21,1.0,0.0,0.0
102,49.083606156079554,2.0736683802207186e+21,2.0736683802207186e+21,1.0,0.0,0.0
99,47.639970680900745,4.895267005239707e+20,4.895267005239707e+20,1.0,0.0,0.0
100,48.12118250596035,7.920708398483752e+20,7.920708398483752e+20,1.0,0.0,0.0
95,45.71512338066233,7.142098307472649e+19,7.142098307472649e+19,1.0,0.0,0.0
96,46.19633520572194,1.1556157812483919e+20,1.1556157812483919e+20,1.0,0.0,0.0
98,47.15875885584114,3.02544139324405e+20,3.02544139324405e+20,1.0,0.0,0.0
97,46.67754703078154,1.8698256119956606e+20,1.8698256119956606e+20,1.0,0.0,0.0
103,49.56481798113916,3.355265920593061e+21,3.355265920593061e+21,1.0,0.0,0.0
104,50.04602980619876,5.428934300813775e+21,5.428934300813775e+21,1.0,0.0,0.0
110,52.933300756556385,9.741827327532394e+22,9.741827327532394e+22,1.0,0.0,0.0
111,53.41451258161599,1.5762607728479958e+23,1.5762607728479958e+23,1.0,0.0,0.0
109,52.45208893149678,6.020780400947577e+22,6.020780400947577e+22,1.0,0.0,0.0
108,51.97087710643717,3.7210469265847976e+22,3.7210469265847976e+22,1.0,0.0,0.0
107,51.48966528137757,2.299733474362741e+22,2.299733474362741e+22,1.0,0.0,0.0
105,50.52724163125836,8.784200221406831e+21,8.784200221406831e+21,1.0,0.0,0.0
136,65.44480820810607,2.644350835231469e+28,2.644350835231469e+28,1.0,0.0,0.0
133,64.00117273292726,6.242465534729735e+27,6.242465534729735e+27,1.0,0.0,0.0
130,62.55753725774845,1.4736462133957939e+27,1.4736462133957939e+27,1.0,0.0,0.0
129,62.07632543268885,9.107634472711818e+26,9.107634472711818e+26,1.0,0.0,0.0
119,57.26420718209281,7.405070366464956e+24,7.405070366464956e+24,1.0,0.0,0.0
123,59.18905448233123,5.075510735900498e+25,5.075510735900498e+25,1.0,0.0,0.0
122,58.70784265727163,3.1368381450515004e+25,3.1368381450515004e+25,1.0,0.0,0.0
121,58.22663083221202,1.9386725908489875e+25,1.9386725908489875e+25,1.0,0.0,0.0
116,55.820571706914,1.7480999846550115e+24,1.7480999846550115e+24,1.0,0.0,0.0
115,55.3393598818544,1.0803852062499674e+24,1.0803852062499674e+24,1.0,0.0,0.0
117,56.301783531973605,2.8284851909049765e+24,2.8284851909049765e+24,1.0,0.0,0.0
159,76.51268018447695,1.6944735721206466e+33,1.6944735721206466e+33,1.0,0.0,0.0
157,75.55025653435774,6.472313115116415e+32,6.472313115116415e+32,1.0,0.0,0.0
158,76.03146835941735,1.0472422606090065e+33,1.0472422606090065e+33,1.0,0.0,0.0
166,79.88116295989417,4.9198094402450475e+34,4.9198094402450475e+34,1.0,0.0,0.0
168,80.84358661001339,1.2880228332734297e+35,1.2880228332734297e+35,1.0,0.0,0.0
153,73.62540923411933,9.44297757311866e+31,9.44297757311866e+31,1.0,0.0,0.0
156,75.06904470929814,4.000109490973657e+32,4.000109490973657e+32,1.0,0.0,0.0
150,72.18177375894052,2.229184617261998e+31,2.229184617261998e+31,1.0,0.0,0.0
149,71.70056193388092,1.3777118606663411e+31,1.3777118606663411e+31,1.0,0.0,0.0
148,71.21935010882132,8.514727565956587e+30,8.514727565956587e+30,1.0,0.0,0.0
147,70.73813828376171,5.262391040706835e+30,5.262391040706835e+30,1.0,0.0,0.0
146,70.25692645870211,3.2523365252497574e+30,3.2523365252497574e+30,1.0,0.0,0.0
145,69.77571463364251,2.0100545154570817e+30,2.0100545154570817e+30,1.0,0.0,0.0
144,69.2945028085829,1.242282009792678e+30,1.242282009792678e+30,1.0,0.0,0.0
143,68.8132909835233,7.677725056644052e+29,7.677725056644052e+29,1.0,0.0,0.0
142,68.3320791584637,4.7450950412827384e+29,4.7450950412827384e+29,1.0,0.0,0.0
141,67.8508673334041,2.932630015361319e+29,2.932630015361319e+29,1.0,0.0,0.0
140,67.36965550834448,1.8124650259213965e+29,1.8124650259213965e+29,1.0,0.0,0.0
139,66.88844368328488,1.1201649894398829e+29,1.1201649894398829e+29,1.0,0.0,0.0
138,66.40723185822527,6.923000364815151e+28,6.923000364815151e+28,1.0,0.0,0.0
137,65.92602003316567,4.278649529583687e+28,4.278649529583687e+28,1.0,0.0,0.0
186,89.50539946108624,7.442195707735344e+38,7.442195707735344e+38,1.0,0.0,0.0
187,89.98661128614584,1.2041725606044359e+39,1.2041725606044359e+39,1.0,0.0,0.0
188,90.46782311120545,1.948392131377969e+39,1.948392131377969e+39,1.0,0.0,0.0
189,90.94903493626505,3.152564691982403e+39,3.152564691982403e+39,1.0,0.0,0.0
192,92.39267041144387,1.335447833870331e+40,1.335447833870331e+40,1.0,0.0,0.0
191,91.91145858638426,8.253521515342764e+39,8.253521515342764e+39,1.0,0.0,0.0
195,93.83630588662268,5.65704780467956e+40,5.65704780467956e+40,1.0,0.0,0.0
194,93.35509406156308,3.496247819274946e+40,3.496247819274946e+40,1.0,0.0,0.0
177,85.17449303554982,9.79066800645014e+36,9.79066800645014e+36,1.0,0.0,0.0
178,85.65570486060942,1.5841633607002493e+37,1.5841633607002493e+37,1.0,0.0,0.0
179,86.13691668566902,2.563230161345261e+37,2.563230161345261e+37,1.0,0.0,0.0
180,86.61812851072862,4.147393522045508e+37,4.147393522045508e+37,1.0,0.0,0.0
181,87.09934033578823,6.710623683390764e+37,6.710623683390764e+37,1.0,0.0,0.0
182,87.58055216084783,1.0858017205436264e+38,1.0858017205436264e+38,1.0,0.0,0.0
183,88.06176398590743,1.7568640888827016e+38,1.7568640888827016e+38,1.0,0.0,0.0
184,88.54297581096704,2.8426658094263256e+38,2.8426658094263256e+38,1.0,0.0,0.0
199,95.7611531868611,3.877398248122255e+41,3.877398248122255e+41,1.0,0.0,0.0
198,95.27994136180149,2.396363905258853e+41,2.396363905258853e+41,1.0,0.0,0.0
196,94.31751771168229,9.1532956239545e+40,9.1532956239545e+40,1.0,0.0,0.0
197,94.79872953674189,1.481034342863405e+41,1.481034342863405e+41,1.0,0.0,0.0
200,96.2423650119207,6.273762153381103e+41,6.273762153381103e+41,1.0,0.0,0.0
160,76.99389200953655,2.741715832729651e+33,2.741715832729651e+33,1.0,0.0,0.0
164,78.91873930977496,1.8791999880010152e+34,1.8791999880010152e+34,1.0,0.0,0.0
162,77.95631565965576,7.177905237579941e+33,7.177905237579941e+33,1.0,0.0,0.0
176,84.69328121049021,6.050965600552365e+36,6.050965600552365e+36,1.0,0.0,0.0
175,84.21206938543061,3.7397024058977825e+36,3.7397024058977825e+36,1.0,0.0,0.0
174,83.730857560371,2.311263194654586e+36,2.311263194654586e+36,1.0,0.0,0.0
173,83.2496457353114,1.4284392112431993e+36,1.4284392112431993e+36,1.0,0.0,0.0
172,82.7684339102518,8.828239834113886e+35,8.828239834113886e+35,1.0,0.0,0.0
171,82.2872220851922,5.456152278318118e+35,5.456152278318118e+35,1.0,0.0,0.0
170,81.8060102601326,3.372087555795775e+35,3.372087555795775e+35,1.0,0.0,0.0
169,81.32479843507299,2.0840647225223472e+35,2.0840647225223472e+35,1.0,0.0,0.0
205,98.64842413721871,6.957708846765991e+42,6.957708846765991e+42,1.0,0.0,0.0
207,99.61084778733792,1.8215518244659178e+43,1.8215518244659178e+43,1.0,0.0,0.0
206,99.12963596227831,1.12578093978932e+43,1.12578093978932e+43,1.0,0.0,0.0
201,96.7235768369803,1.0151160401503351e+42,1.0151160401503351e+42,1.0,0.0,0.0
202,97.2047886620399,1.6424922554884442e+42,1.6424922554884442e+42,1.0,0.0,0.0
204,98.16721231215911,4.3001005511272185e+42,4.3001005511272185e+42,1.0,0.0,0.0
113,54.37693623173519,4.126704278449226e+23,4.126704278449226e+23,0.9999999999999999,1.1102230246251565e-16,1.1102230246251565e-14
118,56.78299535703321,4.576585175559985e+24,4.576585175559985e+24,0.9999999999999999,1.1102230246251565e-16,1.1102230246251565e-14
131,63.03874908280805,2.384409660666974e+27,2.384409660666974e+27,0.9999999999999999,1.1102230246251565e-16,1.1102230246251565e-14
128,61.595113607629244,5.628827661246133e+26,5.628827661246133e+26,0.9999999999999999,1.1102230246251565e-16,1.1102230246251565e-14
125,60.151478132450436,1.328785961685248e+26,1.328785961685248e+26,0.9999999999999999,1.1102230246251565e-16,1.1102230246251565e-14
74,35.60967505441066,2918000611027452.5,2918000611027452.5,0.9999999999999999,1.1102230246251565e-16,1.1102230246251565e-14
53,25.504226728158983,119218851371.00003,119218851371.00003,0.9999999999999999,1.1102230246251565e-16,1.1102230246251565e-14
70,33.68482775417224,425730551631122.25,425730551631122.25,0.9999999999999999,1.1102230246251565e-16,1.1102230246251565e-14
71,34.16603957923185,688846502588402.4,688846502588402.4,0.9999999999999999,1.1102230246251565e-16,1.1102230246251565e-14
72,34.64725140429145,1114577054219526.9,1114577054219526.9,0.9999999999999999,1.1102230246251565e-16,1.1102230246251565e-14
34,16.361202052026517,12752042.999999918,12752042.999999918,0.9999999999999999,1.1102230246251565e-16,1.1102230246251565e-14
24,11.549083801430484,103681.99999035528,103681.99999035528,0.9999999999999999,1.1102230246251565e-16,1.1102230246251565e-14
47,22.616955777801362,6643838878.999999,6643838878.999999,0.9999999999999999,1.1102230246251565e-16,1.1102230246251565e-14
48,23.09816760286097,10749957122.00003,10749957122.00003,0.9999999999999999,1.1102230246251565e-16,1.1102230246251565e-14
10,4.8121182505960345,122.99186938124421,122.99186938124421,0.9999999999999999,1.1102230246251565e-16,1.1102230246251565e-14
106,51.008453456317966,1.4213134522220594e+22,1.4213134522220594e+22,0.9999999999999999,1.1102230246251565e-16,1.1102230246251565e-14
89,42.82785243030471,3.980154972736928e+18,3.980154972736928e+18,0.9999999999999999,1.1102230246251565e-16,1.1102230246251565e-14
92,44.27148790548352,1.686020702549742e+19,1.686020702549742e+19,0.9999999999999999,1.1102230246251565e-16,1.1102230246251565e-14
83,39.940581479947085,2.2180643453797834e+17,2.2180643453797834e+17,0.9999999999999999,1.1102230246251565e-16,1.1102230246251565e-14
76,36.572098704529864,7639424778862824.0,7639424778862824.0,0.9999999999999999,1.1102230246251565e-16,1.1102230246251565e-14
73,35.128463229351055,1803423556807927.8,1803423556807927.8,0.9999999999999999,1.1102230246251565e-16,1.1102230246251565e-14
165,79.39995113483457,3.0406094522440356e+34,3.0406094522440356e+34,0.9999999999999999,1.1102230246251565e-16,1.1102230246251565e-14
167,80.36237478495379,7.96041889248919e+34,7.96041889248919e+34,0.9999999999999999,1.1102230246251565e-16,1.1102230246251565e-14
154,74.10662105917893,1.527905866830898e+32,1.527905866830898e+32,0.9999999999999999,1.1102230246251565e-16,1.1102230246251565e-14
151,72.66298558400013,3.6068964779283366e+31,3.6068964779283366e+31,0.9999999999999999,1.1102230246251565e-16,1.1102230246251565e-14
152,73.14419740905973,5.836081095190331e+31,5.836081095190331e+31,0.9999999999999999,1.1102230246251565e-16,1.1102230246251565e-14
193,92.87388223650348,2.1607999854046178e+40,2.1607999854046178e+40,0.9999999999999999,1.1102230246251565e-16,1.1102230246251565e-14
190,91.43024676132465,5.1009568233603675e+39,5.1009568233603675e+39,0.9999999999999999,1.1102230246251565e-16,1.1102230246251565e-14
185,89.02418763602664,4.599529898309024e+38,4.599529898309024e+38,0.9999999999999999,1.1102230246251565e-16,1.1102230246251565e-14
155,74.58783288423854,2.4722036241427623e+32,2.4722036241427623e+32,0.9999999999999999,1.1102230246251565e-16,1.1102230246251565e-14
163,78.43752748471536,1.1614094642430227e+34,1.1614094642430227e+34,0.9999999999999999,1.1102230246251565e-16,1.1102230246251565e-14
161,77.47510383459615,4.4361894048502945e+33,4.4361894048502945e+33,0.9999999999999999,1.1102230246251565e-16,1.1102230246251565e-14
203,97.6860004870995,2.6576082956387774e+42,2.6576082956387774e+42,0.9999999999999999,1.1102230246251565e-16,1.1102230246251565e-14
